<?xml version="1.0" encoding="UTF-8"?>
<?xml-stylesheet type="text/xsl" href="Ej31.xsl"?>
<ies nombre="IES Santiago Hernández" web="http://www.iessantiagohernandez.com/" >
  <ciclos>
    <ciclo id="DAM">
      <nombre>Desarrollo de Aplicaciones Multiplataforma</nombre>
      <grado>Superior</grado>
      <decretoTitulo año="2010" />
    </ciclo>
    <ciclo id="DAW">
      <nombre>Desarrollo de Aplicaciones Web</nombre>
      <grado>Superior</grado>
      <decretoTitulo año="2010" />
    </ciclo>
    <ciclo id="SMR">
      <nombre>Sistemas Microinformáticos y Redes</nombre>
      <grado>Medio</grado>
      <decretoTitulo año="2008" />
    </ciclo>
  </ciclos>
</ies>
