<?xml version="1.0" encoding ="UTF-8"?>
<ofertas>
	<cd>
		<titulo>Still got the blues</titulo>
		<artista>Gary Moore</artista>
		<pais>UK</pais>
		<discografica>Virgin records</discografica>
		<precio>10.20</precio>
		<año>1990</año>
	</cd>
		<cd>
		<titulo>One night only</titulo>
		<artista>Bee Gees</artista>
		<pais>UK</pais>
		<discografica>Polydor</discografica>
		<precio>10.90</precio>
		<año>1998</año>
	</cd>
	<cd>
		<titulo>When a man loves a woman</titulo>
		<artista>Percy Sledge</artista>
		<pais>USA</pais>
		<discografica>Atlantic</discografica>
		<precio>8,70</precio>
		<año>1987</año>
	</cd>
	<cd>
		<titulo>Big Willie style</titulo>
		<artista>Will Smith</artista>
		<pais>Usa</pais>
		<discografica>Columbia</discografica>
		<precio>9.90</precio>
		<año>1997</año>
	</cd>
	<cd>
		<titulo>La cancion de Juan Perro</titulo>
		<artista>Radio Futura</artista>
		<pais>España</pais>
		<discografica>Sony Music-Ariola</discografica>
		<precio>9.90</precio>
		<año>1987</año>
	</cd>
	<cd>
		<titulo>The dock of the bay</titulo>
		<artista>Otis Redding</artista>
		<pais>USA</pais>
		<discografica>Atlantic</discografica>
		<precio>7.90</precio>
		<año>1987</año>
	</cd>

</ofertas>